<environmentvariabledefinition schemaname="mni_ErrorHandlerEmail">
  <description default="This is used for both Teams messages and Emails">
    <label description="This is used for both Teams messages and Emails" languagecode="1033" />
  </description>
  <displayname default="Error Handler Email">
    <label description="Error Handler Email" languagecode="1033" />
  </displayname>
  <introducedversion>1.0.0.0</introducedversion>
  <iscustomizable>1</iscustomizable>
  <isrequired>0</isrequired>
  <secretstore>0</secretstore>
  <type>100000000</type>
</environmentvariabledefinition>