<environmentvariabledefinition schemaname="mni_TestingAPIEndpoint">
  <defaultvalue>https://api.nationalize.io</defaultvalue>
  <description default="URL to run tests against">
    <label description="URL to run tests against" languagecode="1033" />
  </description>
  <displayname default="Testing API Endpoint - Good">
    <label description="Testing API Endpoint - Good" languagecode="1033" />
  </displayname>
  <introducedversion>1.0.0.0</introducedversion>
  <iscustomizable>1</iscustomizable>
  <isrequired>0</isrequired>
  <secretstore>0</secretstore>
  <type>100000000</type>
</environmentvariabledefinition>