<ImportExportXml version="9.2.25095.163" SolutionPackageVersion="9.2" languagecode="1033" generatedBy="CrmLive" xmlns:xsi="http://www.w3.org/2001/XMLSchema-instance" OrganizationVersion="9.2.25095.163" OrganizationSchemaType="Standard" CRMServerServiceabilityVersion="9.2.25095.00163">
  <SolutionManifest>
    <UniqueName>ErrorHandlinginPowerAutomate</UniqueName>
    <LocalizedNames>
      <LocalizedName description="Session - Error Handling in Power Automate" languagecode="1033" />
    </LocalizedNames>
    <Descriptions>
      <Description description="Solution on my session about error handling in power automate flow" languagecode="1033" />
    </Descriptions>
    <Version>1.0.0.4</Version>
    <Managed>0</Managed>
    <Publisher>
      <UniqueName>MichaelNielsen</UniqueName>
      <LocalizedNames>
        <LocalizedName description="Michael Nielsen" languagecode="1033" />
      </LocalizedNames>
      <Descriptions>
        <Description description="My Michael Nielsen publisher" languagecode="1033" />
      </Descriptions>
      <EMailAddress>mni@abakion.com</EMailAddress>
      <SupportingWebsiteUrl xsi:nil="true"></SupportingWebsiteUrl>
      <CustomizationPrefix>mni</CustomizationPrefix>
      <CustomizationOptionValuePrefix>86488</CustomizationOptionValuePrefix>
      <Addresses>
        <Address>
          <AddressNumber>1</AddressNumber>
          <AddressTypeCode>1</AddressTypeCode>
          <City xsi:nil="true"></City>
          <County xsi:nil="true"></County>
          <Country xsi:nil="true"></Country>
          <Fax xsi:nil="true"></Fax>
          <FreightTermsCode xsi:nil="true"></FreightTermsCode>
          <ImportSequenceNumber xsi:nil="true"></ImportSequenceNumber>
          <Latitude xsi:nil="true"></Latitude>
          <Line1 xsi:nil="true"></Line1>
          <Line2 xsi:nil="true"></Line2>
          <Line3 xsi:nil="true"></Line3>
          <Longitude xsi:nil="true"></Longitude>
          <Name xsi:nil="true"></Name>
          <PostalCode xsi:nil="true"></PostalCode>
          <PostOfficeBox xsi:nil="true"></PostOfficeBox>
          <PrimaryContactName xsi:nil="true"></PrimaryContactName>
          <ShippingMethodCode>1</ShippingMethodCode>
          <StateOrProvince xsi:nil="true"></StateOrProvince>
          <Telephone1 xsi:nil="true"></Telephone1>
          <Telephone2 xsi:nil="true"></Telephone2>
          <Telephone3 xsi:nil="true"></Telephone3>
          <TimeZoneRuleVersionNumber xsi:nil="true"></TimeZoneRuleVersionNumber>
          <UPSZone xsi:nil="true"></UPSZone>
          <UTCOffset xsi:nil="true"></UTCOffset>
          <UTCConversionTimeZoneCode xsi:nil="true"></UTCConversionTimeZoneCode>
        </Address>
        <Address>
          <AddressNumber>2</AddressNumber>
          <AddressTypeCode>1</AddressTypeCode>
          <City xsi:nil="true"></City>
          <County xsi:nil="true"></County>
          <Country xsi:nil="true"></Country>
          <Fax xsi:nil="true"></Fax>
          <FreightTermsCode xsi:nil="true"></FreightTermsCode>
          <ImportSequenceNumber xsi:nil="true"></ImportSequenceNumber>
          <Latitude xsi:nil="true"></Latitude>
          <Line1 xsi:nil="true"></Line1>
          <Line2 xsi:nil="true"></Line2>
          <Line3 xsi:nil="true"></Line3>
          <Longitude xsi:nil="true"></Longitude>
          <Name xsi:nil="true"></Name>
          <PostalCode xsi:nil="true"></PostalCode>
          <PostOfficeBox xsi:nil="true"></PostOfficeBox>
          <PrimaryContactName xsi:nil="true"></PrimaryContactName>
          <ShippingMethodCode>1</ShippingMethodCode>
          <StateOrProvince xsi:nil="true"></StateOrProvince>
          <Telephone1 xsi:nil="true"></Telephone1>
          <Telephone2 xsi:nil="true"></Telephone2>
          <Telephone3 xsi:nil="true"></Telephone3>
          <TimeZoneRuleVersionNumber xsi:nil="true"></TimeZoneRuleVersionNumber>
          <UPSZone xsi:nil="true"></UPSZone>
          <UTCOffset xsi:nil="true"></UTCOffset>
          <UTCConversionTimeZoneCode xsi:nil="true"></UTCConversionTimeZoneCode>
        </Address>
      </Addresses>
    </Publisher>
    <RootComponents>
      <RootComponent type="1" schemaName="mni_session_errorhandling_car" behavior="0" />
      <RootComponent type="29" id="{06ec6f36-bbfd-ef11-bae3-0022489f5e56}" behavior="0" />
      <RootComponent type="29" id="{2b78a82d-754a-f011-8779-6045bde007d5}" behavior="0" />
      <RootComponent type="29" id="{3b14de32-f942-f011-8779-6045bde007d5}" behavior="0" />
      <RootComponent type="29" id="{5c5f229e-adfd-ef11-bae3-0022489f5e56}" behavior="0" />
      <RootComponent type="29" id="{880f55b1-8e4c-f011-8779-6045bde007d5}" behavior="0" />
      <RootComponent type="29" id="{9fbd4cbc-9044-f011-8779-6045bde007d5}" behavior="0" />
      <RootComponent type="29" id="{b3cb0454-2a43-f011-8779-6045bde007d5}" behavior="0" />
      <RootComponent type="29" id="{d187ef4a-da45-f011-8779-6045bde007d5}" behavior="0" />
      <RootComponent type="29" id="{dfde1001-c2fd-ef11-bae3-0022489f5e56}" behavior="0" />
      <RootComponent type="29" id="{f6009644-61fb-ef11-bae3-0022489f5e56}" behavior="0" />
    </RootComponents>
    <MissingDependencies />
  </SolutionManifest>
</ImportExportXml>