{
  "properties": {
    "connectionReferences": {
      "shared_commondataserviceforapps": {
        "runtimeSource": "embedded",
        "connection": {
          "connectionReferenceLogicalName": "mni_sharedcommondataserviceforapps_ad497"
        },
        "api": {
          "name": "shared_commondataserviceforapps"
        }
      }
    },
    "definition": {
      "$schema": "https://schema.management.azure.com/providers/Microsoft.Logic/schemas/2016-06-01/workflowdefinition.json#",
      "contentVersion": "1.0.0.0",
      "parameters": {
        "$connections": {
          "defaultValue": {},
          "type": "Object"
        },
        "$authentication": {
          "defaultValue": {},
          "type": "SecureObject"
        }
      },
      "triggers": {
        "manual": {
          "metadata": {
            "operationMetadataId": "1859dd11-0e61-4cc2-a3eb-1cdd1dcfd963"
          },
          "type": "Request",
          "kind": "Button",
          "inputs": {
            "schema": {
              "type": "object",
              "properties": {},
              "required": []
            }
          }
        }
      },
      "actions": {
        "Try": {
          "actions": {
            "Run_a_Child_Flow:_Get_Car": {
              "runAfter": {},
              "metadata": {
                "operationMetadataId": "d96227ab-22f4-42b4-9c3c-a5bd74f19d25"
              },
              "type": "Workflow",
              "inputs": {
                "host": {
                  "workflowReferenceName": "06ec6f36-bbfd-ef11-bae3-0022489f5e56"
                }
              }
            },
            "Add_a_new_row:_Add_Car_to_Dataverse": {
              "runAfter": {
                "Run_a_Child_Flow:_Get_Car": [
                  "Succeeded"
                ]
              },
              "metadata": {
                "operationMetadataId": "5ed7c95a-7b54-43f5-b2d1-15558b3772f3"
              },
              "type": "OpenApiConnection",
              "inputs": {
                "host": {
                  "connectionName": "shared_commondataserviceforapps",
                  "operationId": "CreateRecord",
                  "apiId": "/providers/Microsoft.PowerApps/apis/shared_commondataserviceforapps"
                },
                "parameters": {
                  "entityName": "mni_session_errorhandling_cars",
                  "item/mni_name": "@string('')",
                  "item/mni_session_errorhandling_color": "@body('Run_a_Child_Flow:_Get_Car')['Color']",
                  "item/mni_session_errorhandling_licenseplate": "@body('Run_a_Child_Flow:_Get_Car')['License Plate']",
                  "item/mni_session_errorhandling_type": "@body('Run_a_Child_Flow:_Get_Car')['Type']"
                },
                "authentication": {
                  "type": "Raw",
                  "value": "@json(decodeBase64(triggerOutputs().headers['X-MS-APIM-Tokens']))['$ConnectionKey']"
                }
              }
            },
            "List_rows:_Get_all_cars": {
              "runAfter": {
                "Add_a_new_row:_Add_Car_to_Dataverse": [
                  "Succeeded"
                ]
              },
              "metadata": {
                "operationMetadataId": "a84eb1e2-3f9c-40d0-be37-d36fcbdefae6"
              },
              "type": "OpenApiConnection",
              "inputs": {
                "host": {
                  "connectionName": "shared_commondataserviceforapps",
                  "operationId": "ListRecords",
                  "apiId": "/providers/Microsoft.PowerApps/apis/shared_commondataserviceforapps"
                },
                "parameters": {
                  "entityName": "mni_session_errorhandling_cars",
                  "$select": "mni_session_errorhandling_color,mni_session_errorhandling_type,mni_session_errorhandling_licenseplate,createdon"
                },
                "authentication": {
                  "type": "Raw",
                  "value": "@json(decodeBase64(triggerOutputs().headers['X-MS-APIM-Tokens']))['$ConnectionKey']"
                }
              }
            },
            "Select:_Data_for_table": {
              "runAfter": {
                "List_rows:_Get_all_cars": [
                  "Succeeded"
                ]
              },
              "metadata": {
                "operationMetadataId": "0abbae88-8f6c-40b3-a5e3-ced1fe89995c"
              },
              "type": "Select",
              "inputs": {
                "from": "BAD DATA\n@{outputs('List_rows:_Get_all_cars')?['body/value']}",
                "select": {
                  "Date": "@item()?['createdon']",
                  "License Plate": "@item()?['mni_session_errorhandling_licenseplate']",
                  "Type": "@item()?['mni_session_errorhandling_type']",
                  "Color": "@item()?['mni_session_errorhandling_color']"
                }
              }
            },
            "Create_HTML_table": {
              "runAfter": {
                "Select:_Data_for_table": [
                  "Succeeded"
                ]
              },
              "metadata": {
                "operationMetadataId": "b5b6cd71-5336-4885-a18f-9005980399b8"
              },
              "type": "Table",
              "inputs": {
                "from": "BAD DATA\n@{body('Select:_Data_for_table')}",
                "format": "HTML"
              }
            }
          },
          "runAfter": {},
          "metadata": {
            "operationMetadataId": "724f9471-a9a1-4b79-9b97-f18ac7fe713d"
          },
          "type": "Scope"
        },
        "Catch": {
          "actions": {
            "Run_a_Child_Flow:_Error_Handler": {
              "runAfter": {},
              "metadata": {
                "operationMetadataId": "cb644d43-e350-4335-80d2-c91f72813b49"
              },
              "type": "Workflow",
              "inputs": {
                "host": {
                  "workflowReferenceName": "3b14de32-f942-f011-8779-6045bde007d5"
                },
                "body": {
                  "TryBlock": "@result('Try')",
                  "Workflow": "@workflow()"
                }
              },
              "description": "Call a child flow with two parameters, the result('try') and workflow(). The child flow will then return the error object."
            }
          },
          "runAfter": {
            "Try": [
              "Failed"
            ]
          },
          "metadata": {
            "operationMetadataId": "7086f3b8-5061-483f-ad91-4d61b7186852"
          },
          "type": "Scope"
        },
        "Finally": {
          "actions": {
            "Condition:_Try_succeeded": {
              "actions": {
                "Terminate:_Success": {
                  "runAfter": {},
                  "metadata": {
                    "operationMetadataId": "11c88565-6376-4847-8dea-3d4028b65db7"
                  },
                  "type": "Terminate",
                  "inputs": {
                    "runStatus": "Succeeded"
                  }
                }
              },
              "runAfter": {},
              "else": {
                "actions": {
                  "Terminate:_Failed": {
                    "runAfter": {
                      "Run_a_Child_Flow:_Send_notification": [
                        "Succeeded",
                        "Failed"
                      ]
                    },
                    "metadata": {
                      "operationMetadataId": "a085333b-69d1-432e-96d5-f8176ce42a2c"
                    },
                    "type": "Terminate",
                    "inputs": {
                      "runStatus": "Failed",
                      "runError": {
                        "code": "@{body('Run_a_Child_Flow:_Error_Handler')?['StatusCode']}",
                        "message": "@{body('Run_a_Child_Flow:_Error_Handler')?['ErrorMessage']}"
                      }
                    }
                  },
                  "Run_a_Child_Flow:_Send_notification": {
                    "runAfter": {},
                    "metadata": {
                      "operationMetadataId": "5bce7668-6fe5-44f0-9e7e-3ab84158b6f5"
                    },
                    "type": "Workflow",
                    "inputs": {
                      "host": {
                        "workflowReferenceName": "2b78a82d-754a-f011-8779-6045bde007d5"
                      },
                      "body": {
                        "MessageType": "Teams",
                        "ErrorObject": "@body('Run_a_Child_Flow:_Error_Handler')"
                      }
                    },
                    "description": "Call a child flow that sends a notification by either Teams or Email"
                  }
                }
              },
              "expression": {
                "equals": [
                  "@actions('Try')['status']",
                  "Succeeded"
                ]
              },
              "metadata": {
                "operationMetadataId": "8f622ecd-1940-4b11-97ac-3d92e4ec36c8"
              },
              "type": "If"
            }
          },
          "runAfter": {
            "Catch": [
              "Succeeded",
              "Failed",
              "TimedOut",
              "Skipped"
            ]
          },
          "metadata": {
            "operationMetadataId": "02438b6e-9114-446a-bf50-0c252aab6be7"
          },
          "type": "Scope"
        }
      }
    },
    "templateName": ""
  },
  "schemaVersion": "1.0.0.0"
}