{
  "properties": {
    "connectionReferences": {
      "shared_commondataserviceforapps_1": {
        "runtimeSource": "embedded",
        "connection": {
          "connectionReferenceLogicalName": "mni_sharedcommondataserviceforapps_ad497"
        },
        "api": {
          "name": "shared_commondataserviceforapps"
        }
      }
    },
    "definition": {
      "$schema": "https://schema.management.azure.com/providers/Microsoft.Logic/schemas/2016-06-01/workflowdefinition.json#",
      "contentVersion": "1.0.0.0",
      "parameters": {
        "$connections": {
          "defaultValue": {},
          "type": "Object"
        },
        "$authentication": {
          "defaultValue": {},
          "type": "SecureObject"
        }
      },
      "triggers": {
        "manual": {
          "metadata": {
            "operationMetadataId": "7e13cd62-32fa-4e01-996b-ea85bf9e6cba"
          },
          "type": "Request",
          "kind": "Button",
          "inputs": {
            "schema": {
              "type": "object",
              "properties": {},
              "required": []
            }
          }
        }
      },
      "actions": {
        "Create_HTML_table": {
          "runAfter": {
            "Select:_Data_for_table": [
              "Succeeded"
            ]
          },
          "metadata": {
            "operationMetadataId": "b5b6cd71-5336-4885-a18f-9005980399b8"
          },
          "type": "Table",
          "inputs": {
            "from": "@body('Select:_Data_for_table')",
            "format": "HTML"
          }
        },
        "Select:_Data_for_table": {
          "runAfter": {
            "List_rows:_Get_all_cars": [
              "Succeeded"
            ]
          },
          "metadata": {
            "operationMetadataId": "0abbae88-8f6c-40b3-a5e3-ced1fe89995c"
          },
          "type": "Select",
          "inputs": {
            "from": "@outputs('List_rows:_Get_all_cars')?['body/value']",
            "select": {
              "Date": "@item()?['createdon']",
              "License Plate": "@item()?['mni_session_errorhandling_licenseplate']",
              "Type": "@item()?['mni_session_errorhandling_type']",
              "Color": "@item()?['mni_session_errorhandling_color']"
            }
          }
        },
        "Run_a_Child_Flow:_Get_Car": {
          "runAfter": {},
          "metadata": {
            "operationMetadataId": "27685c0d-f6ca-45a2-9159-0024d58df702"
          },
          "type": "Workflow",
          "inputs": {
            "host": {
              "workflowReferenceName": "06ec6f36-bbfd-ef11-bae3-0022489f5e56"
            }
          }
        },
        "Add_a_new_row:_Add_Car_to_Dataverse": {
          "runAfter": {
            "Run_a_Child_Flow:_Get_Car": [
              "Succeeded"
            ]
          },
          "metadata": {
            "operationMetadataId": "a4386793-7bec-4364-b18b-c66b61eb0387"
          },
          "type": "OpenApiConnection",
          "inputs": {
            "host": {
              "connectionName": "shared_commondataserviceforapps_1",
              "operationId": "CreateRecord",
              "apiId": "/providers/Microsoft.PowerApps/apis/shared_commondataserviceforapps"
            },
            "parameters": {
              "entityName": "mni_session_errorhandling_cars",
              "item/mni_name": "@string()",
              "item/mni_session_errorhandling_color": "@body('Run_a_Child_Flow:_Get_Car')['Color']",
              "item/mni_session_errorhandling_licenseplate": "@body('Run_a_Child_Flow:_Get_Car')['License Plate']",
              "item/mni_session_errorhandling_type": "@body('Run_a_Child_Flow:_Get_Car')['Type']"
            },
            "authentication": {
              "type": "Raw",
              "value": "@json(decodeBase64(triggerOutputs().headers['X-MS-APIM-Tokens']))['$ConnectionKey']"
            }
          }
        },
        "List_rows:_Get_all_cars": {
          "runAfter": {
            "Add_a_new_row:_Add_Car_to_Dataverse": [
              "Succeeded"
            ]
          },
          "metadata": {
            "operationMetadataId": "000f0fd7-c502-4597-a7b3-4809b2fab19b"
          },
          "type": "OpenApiConnection",
          "inputs": {
            "host": {
              "connectionName": "shared_commondataserviceforapps_1",
              "operationId": "ListRecords",
              "apiId": "/providers/Microsoft.PowerApps/apis/shared_commondataserviceforapps"
            },
            "parameters": {
              "entityName": "mni_session_errorhandling_cars",
              "$select": "mni_session_errorhandling_color,mni_session_errorhandling_type,mni_session_errorhandling_licenseplate,createdon"
            },
            "authentication": {
              "type": "Raw",
              "value": "@json(decodeBase64(triggerOutputs().headers['X-MS-APIM-Tokens']))['$ConnectionKey']"
            }
          }
        }
      }
    },
    "templateName": ""
  },
  "schemaVersion": "1.0.0.0"
}