{
  "properties": {
    "connectionReferences": {
      "shared_commondataserviceforapps": {
        "runtimeSource": "embedded",
        "connection": {
          "connectionReferenceLogicalName": "mni_sharedcommondataserviceforapps_ad497"
        },
        "api": {
          "name": "shared_commondataserviceforapps"
        }
      },
      "shared_teams": {
        "runtimeSource": "embedded",
        "connection": {
          "connectionReferenceLogicalName": "mni_sharedteams_752c3"
        },
        "api": {
          "name": "shared_teams"
        }
      }
    },
    "definition": {
      "$schema": "https://schema.management.azure.com/providers/Microsoft.Logic/schemas/2016-06-01/workflowdefinition.json#",
      "contentVersion": "1.0.0.0",
      "parameters": {
        "$connections": {
          "defaultValue": {},
          "type": "Object"
        },
        "$authentication": {
          "defaultValue": {},
          "type": "SecureObject"
        },
        "Error Handler Email (mni_ErrorHandlerEmail)": {
          "defaultValue": "mni@abakion.com",
          "type": "String",
          "metadata": {
            "schemaName": "mni_ErrorHandlerEmail",
            "description": "If error handler fails, an email will be sent to this person"
          }
        }
      },
      "triggers": {
        "manual": {
          "metadata": {
            "operationMetadataId": "1859dd11-0e61-4cc2-a3eb-1cdd1dcfd963"
          },
          "type": "Request",
          "kind": "Button",
          "inputs": {
            "schema": {
              "type": "object",
              "properties": {},
              "required": []
            }
          }
        }
      },
      "actions": {
        "Try": {
          "actions": {
            "Run_a_Child_Flow:_Get_Car": {
              "runAfter": {},
              "metadata": {
                "operationMetadataId": "d96227ab-22f4-42b4-9c3c-a5bd74f19d25"
              },
              "type": "Workflow",
              "inputs": {
                "host": {
                  "workflowReferenceName": "06ec6f36-bbfd-ef11-bae3-0022489f5e56"
                }
              }
            },
            "Add_a_new_row:_Add_Car_to_Dataverse": {
              "runAfter": {
                "Run_a_Child_Flow:_Get_Car": [
                  "Succeeded"
                ]
              },
              "metadata": {
                "operationMetadataId": "5ed7c95a-7b54-43f5-b2d1-15558b3772f3"
              },
              "type": "OpenApiConnection",
              "inputs": {
                "host": {
                  "connectionName": "shared_commondataserviceforapps",
                  "operationId": "CreateRecord",
                  "apiId": "/providers/Microsoft.PowerApps/apis/shared_commondataserviceforapps"
                },
                "parameters": {
                  "entityName": "mni_session_errorhandling_cars",
                  "item/mni_name": "@string('')",
                  "item/mni_session_errorhandling_color": "@body('Run_a_Child_Flow:_Get_Car')['Color']",
                  "item/mni_session_errorhandling_licenseplate": "@body('Run_a_Child_Flow:_Get_Car')['License Plate']",
                  "item/mni_session_errorhandling_type": "@body('Run_a_Child_Flow:_Get_Car')['Type']"
                },
                "authentication": {
                  "type": "Raw",
                  "value": "@json(decodeBase64(triggerOutputs().headers['X-MS-APIM-Tokens']))['$ConnectionKey']"
                }
              }
            },
            "List_rows:_Get_all_cars": {
              "runAfter": {
                "Add_a_new_row:_Add_Car_to_Dataverse": [
                  "Succeeded"
                ]
              },
              "metadata": {
                "operationMetadataId": "a84eb1e2-3f9c-40d0-be37-d36fcbdefae6"
              },
              "type": "OpenApiConnection",
              "inputs": {
                "host": {
                  "connectionName": "shared_commondataserviceforapps",
                  "operationId": "ListRecords",
                  "apiId": "/providers/Microsoft.PowerApps/apis/shared_commondataserviceforapps"
                },
                "parameters": {
                  "entityName": "mni_session_errorhandling_cars",
                  "$select": "mni_session_errorhandling_color,mni_session_errorhandling_type,mni_session_errorhandling_licenseplate,createdon",
                  "$filter": "abc eq 3424"
                },
                "authentication": {
                  "type": "Raw",
                  "value": "@json(decodeBase64(triggerOutputs().headers['X-MS-APIM-Tokens']))['$ConnectionKey']"
                }
              }
            },
            "Select:_Data_for_table": {
              "runAfter": {
                "List_rows:_Get_all_cars": [
                  "Succeeded"
                ]
              },
              "metadata": {
                "operationMetadataId": "0abbae88-8f6c-40b3-a5e3-ced1fe89995c"
              },
              "type": "Select",
              "inputs": {
                "from": "@outputs('List_rows:_Get_all_cars')?['body/value']",
                "select": {
                  "Date": "@item()?['createdon']",
                  "License Plate": "@item()?['mni_session_errorhandling_licenseplate']",
                  "Type": "@item()?['mni_session_errorhandling_type']",
                  "Color": "@item()?['mni_session_errorhandling_color']"
                }
              }
            },
            "Create_HTML_table": {
              "runAfter": {
                "Select:_Data_for_table": [
                  "Succeeded"
                ]
              },
              "metadata": {
                "operationMetadataId": "b5b6cd71-5336-4885-a18f-9005980399b8"
              },
              "type": "Table",
              "inputs": {
                "from": "@body('Select:_Data_for_table')",
                "format": "HTML"
              }
            }
          },
          "runAfter": {},
          "metadata": {
            "operationMetadataId": "724f9471-a9a1-4b79-9b97-f18ac7fe713d"
          },
          "type": "Scope"
        },
        "Catch": {
          "actions": {
            "Compose:_Add_root_to_first_result_in_filter_array": {
              "runAfter": {
                "Filter_array:_Get_failed_step": [
                  "Succeeded"
                ]
              },
              "metadata": {
                "operationMetadataId": "9443c471-8054-47dd-8187-e56189dc26d9"
              },
              "type": "Compose",
              "inputs": {
                "Root": "@first(body('Filter_array:_Get_failed_step'))"
              },
              "description": "Conversion to XML requires the JSON to be an object, so create a root"
            },
            "Compose:_Convert_to_XML": {
              "runAfter": {
                "Compose:_Add_root_to_first_result_in_filter_array": [
                  "Succeeded"
                ]
              },
              "metadata": {
                "operationMetadataId": "8197e7d1-de62-4e40-870c-c33d0f01ea88"
              },
              "type": "Compose",
              "inputs": "@xml(outputs('Compose:_Add_root_to_first_result_in_filter_array'))",
              "description": "xml(outputs('Compose:_Add_root_to_first_result_in_filter_array'))"
            },
            "Compose:_Get_error_message_using_XPath": {
              "runAfter": {
                "Compose:_Convert_to_XML": [
                  "Succeeded"
                ]
              },
              "metadata": {
                "operationMetadataId": "a85ba0fc-3046-4f9d-9bd8-ade70ea904d3"
              },
              "type": "Compose",
              "inputs": "@join(xpath(outputs('Compose:_Convert_to_XML'), '//message/text()'), ' ')",
              "description": "join(xpath(outputs('Compose:_Convert_to_XML'), '//message/text()'), ' ')"
            },
            "Parse_JSON:_Result_error_message": {
              "runAfter": {
                "Compose:_Get_error_message_using_XPath": [
                  "Succeeded"
                ]
              },
              "metadata": {
                "operationMetadataId": "f5742d28-d076-4dd8-a936-eca2493bff84"
              },
              "type": "ParseJson",
              "inputs": {
                "content": {
                  "FlowName": "@workflow().tags.flowDisplayName",
                  "FlowLink": "@concat('https://make.powerautomate.com/environments/',workflow()['tags']['environmentName'],'/flows/',workflow()['name'], '/runs/',workflow().run.name)",
                  "StatusCode": "@first(xpath(outputs('Compose:_Convert_to_XML'), '//code/text()'))",
                  "Status": "@first(xpath(outputs('Compose:_Convert_to_XML'), '//status/text()'))",
                  "ActionName": "@first(xpath(outputs('Compose:_Convert_to_XML'), '//name/text()'))",
                  "ErrorMessage": "@outputs('Compose:_Get_error_message_using_XPath')",
                  "Content": "@take(string(first(body('Filter_array:_Get_failed_step'))), 20000)"
                },
                "schema": {
                  "type": "object",
                  "properties": {
                    "FlowName": {},
                    "FlowLink": {},
                    "StatusCode": {},
                    "Status": {},
                    "ActionName": {},
                    "ErrorMessage": {},
                    "Content": {}
                  }
                }
              },
              "description": "Build output for warning message, content is limited to 20000 characters."
            },
            "Filter_array:_Get_failed_step": {
              "runAfter": {},
              "metadata": {
                "operationMetadataId": "5faf8020-5810-4731-9a0b-871e2c839f2a"
              },
              "type": "Query",
              "inputs": {
                "from": "@result('Try')",
                "where": "@equals(item()['status'], 'Failed')"
              },
              "description": "Get failed action from Try scope: result('Try')"
            }
          },
          "runAfter": {
            "Try": [
              "Failed"
            ]
          },
          "metadata": {
            "operationMetadataId": "7086f3b8-5061-483f-ad91-4d61b7186852"
          },
          "type": "Scope"
        },
        "Finally": {
          "actions": {
            "Condition:_Try_succeeded": {
              "actions": {
                "Terminate:_Success": {
                  "runAfter": {},
                  "metadata": {
                    "operationMetadataId": "11c88565-6376-4847-8dea-3d4028b65db7"
                  },
                  "type": "Terminate",
                  "inputs": {
                    "runStatus": "Succeeded"
                  }
                }
              },
              "runAfter": {},
              "else": {
                "actions": {
                  "Terminate:_Failed": {
                    "runAfter": {
                      "Post_message_in_a_chat_or_channel": [
                        "Succeeded",
                        "Failed",
                        "TimedOut"
                      ]
                    },
                    "metadata": {
                      "operationMetadataId": "a085333b-69d1-432e-96d5-f8176ce42a2c"
                    },
                    "type": "Terminate",
                    "inputs": {
                      "runStatus": "Failed",
                      "runError": {
                        "code": "@{body('Parse_JSON:_Result_error_message')?['StatusCode']}",
                        "message": "@{body('Parse_JSON:_Result_error_message')?['ErrorMessage']}"
                      }
                    }
                  },
                  "Post_message_in_a_chat_or_channel": {
                    "runAfter": {
                      "Condition:_Does_content_contain_data": [
                        "Succeeded"
                      ]
                    },
                    "metadata": {
                      "operationMetadataId": "b6d0cc43-6e7a-47a0-9863-a0f7cd4a05b9"
                    },
                    "type": "OpenApiConnection",
                    "inputs": {
                      "host": {
                        "connectionName": "shared_teams",
                        "operationId": "PostMessageToConversation",
                        "apiId": "/providers/Microsoft.PowerApps/apis/shared_teams"
                      },
                      "parameters": {
                        "poster": "Flow bot",
                        "location": "Chat with Flow bot",
                        "body/recipient": "@{parameters('Error Handler Email (mni_ErrorHandlerEmail)')};",
                        "body/messageBody": "<p>An error occured within the flow:</p>\n<br/>\n<p><strong>@{body('Parse_JSON:_Result_error_message')?['FlowName']}</strong></p>\n<br/>\n<p><table>\n<tr><th>Action</th><th>Error Message</th></tr>\n<tr><td> @{body('Parse_JSON:_Result_error_message')?['ActionName']}</td><td> @{body('Parse_JSON:_Result_error_message')?['ErrorMessage']}</td></tr>\n</table>\n@{outputs('Compose:_Content_Data')}\n</p>\n<br>\n<a href=\"@{body('Parse_JSON:_Result_error_message')?['FlowLink']}\">Link to run</a>"
                      },
                      "authentication": {
                        "type": "Raw",
                        "value": "@json(decodeBase64(triggerOutputs().headers['X-MS-APIM-Tokens']))['$ConnectionKey']"
                      }
                    },
                    "description": "Compose the Teams message"
                  },
                  "Condition:_Does_content_contain_data": {
                    "actions": {
                      "Compose:_Content_Data": {
                        "runAfter": {},
                        "metadata": {
                          "operationMetadataId": "a0ded608-0608-4bba-86c5-5e90ee97adaf"
                        },
                        "type": "Compose",
                        "inputs": "<br/>\n<p>This is the data submitted to the action</p>\n<table>\n<tr><th>Content</th></tr>\n<tr><td>@{body('Parse_JSON:_Result_error_message')?['Content']}</td></tr>\n</table>",
                        "description": "Add HTML formatting to the content"
                      }
                    },
                    "runAfter": {},
                    "expression": {
                      "equals": [
                        "@not(empty(body('Parse_JSON:_Result_error_message')?['Content']))",
                        "@true"
                      ]
                    },
                    "metadata": {
                      "operationMetadataId": "3e9c099e-1e6e-4097-b2c4-7411abdb4706"
                    },
                    "type": "If",
                    "description": "Check if the content is not empty"
                  }
                }
              },
              "expression": {
                "equals": [
                  "@actions('Try')['status']",
                  "Succeeded"
                ]
              },
              "metadata": {
                "operationMetadataId": "8f622ecd-1940-4b11-97ac-3d92e4ec36c8"
              },
              "type": "If"
            }
          },
          "runAfter": {
            "Catch": [
              "Succeeded",
              "Failed",
              "TimedOut",
              "Skipped"
            ]
          },
          "metadata": {
            "operationMetadataId": "02438b6e-9114-446a-bf50-0c252aab6be7"
          },
          "type": "Scope"
        }
      }
    },
    "templateName": ""
  },
  "schemaVersion": "1.0.0.0"
}