{
  "properties": {
    "connectionReferences": {},
    "definition": {
      "$schema": "https://schema.management.azure.com/providers/Microsoft.Logic/schemas/2016-06-01/workflowdefinition.json#",
      "contentVersion": "1.0.0.0",
      "parameters": {
        "$authentication": {
          "defaultValue": {},
          "type": "SecureObject"
        },
        "Testing API Endpoint - Good (mni_TestingAPIEndpoint)": {
          "defaultValue": "https://api.nationalize.io",
          "type": "String",
          "metadata": {
            "schemaName": "mni_TestingAPIEndpoint",
            "description": "URL to run tests against"
          }
        },
        "Testing API Endpoint - Invalid (mni_TestingAPIEndpointInvalid)": {
          "defaultValue": "<DEFAULT>",
          "type": "String",
          "metadata": {
            "schemaName": "mni_TestingAPIEndpointInvalid"
          }
        }
      },
      "triggers": {
        "manual": {
          "metadata": {
            "operationMetadataId": "1859dd11-0e61-4cc2-a3eb-1cdd1dcfd963"
          },
          "type": "Request",
          "kind": "Button",
          "inputs": {
            "schema": {
              "type": "object",
              "properties": {},
              "required": []
            }
          }
        }
      },
      "actions": {
        "Try": {
          "actions": {
            "Parse_JSON_-_Direction": {
              "runAfter": {},
              "metadata": {
                "operationMetadataId": "0ad6fc4f-7822-4b89-92cb-1c3077304a14"
              },
              "type": "ParseJson",
              "inputs": {
                "content": [
                  {
                    "Direction": "East"
                  },
                  {
                    "Direction": "West"
                  },
                  {
                    "Direction": "Nowhere"
                  },
                  {
                    "Direction": "East"
                  },
                  {
                    "Direction": "West"
                  },
                  {
                    "Direction": "Nowhere"
                  }
                ],
                "schema": {
                  "type": "array",
                  "items": {
                    "type": "object",
                    "properties": {
                      "Direction": {
                        "type": "string"
                      }
                    },
                    "required": [
                      "Direction"
                    ]
                  }
                }
              }
            },
            "Apply_to_each:_Direction": {
              "foreach": "@body('Parse_JSON_-_Direction')",
              "actions": {
                "Switch:_Direction": {
                  "runAfter": {
                    "Compose:_Random_Number": [
                      "Succeeded"
                    ]
                  },
                  "cases": {
                    "Case:_East": {
                      "case": "east",
                      "actions": {
                        "Parse_JSON_-_Error_on_schema": {
                          "runAfter": {},
                          "metadata": {
                            "operationMetadataId": "313f9132-dadd-4986-9b65-ad5daf5d2a80"
                          },
                          "type": "ParseJson",
                          "inputs": {
                            "content": {
                              "Name": "Michael Nielsen",
                              "Email": "mni@abakion.com"
                            },
                            "schema": {
                              "type": "object",
                              "properties": {
                                "Name": {
                                  "type": "string"
                                },
                                "CountryOfOrigin": {
                                  "type": "string"
                                },
                                "Email": {
                                  "type": "string"
                                }
                              },
                              "required": [
                                "Name",
                                "Country",
                                "Email"
                              ]
                            }
                          },
                          "description": "Not complying to the schema requirements will fail"
                        }
                      }
                    },
                    "Case:_West": {
                      "case": "west",
                      "actions": {
                        "Filter_array_-_Error_on_input": {
                          "runAfter": {
                            "Parse_JSON_-_Input_for_my_filter": [
                              "Succeeded"
                            ]
                          },
                          "metadata": {
                            "operationMetadataId": "9837c04f-a832-48fa-a444-fc221b0a9d0f"
                          },
                          "type": "Query",
                          "inputs": {
                            "from": "@outputs('Parse_JSON_-_Input_for_my_filter')",
                            "where": "@equals(item()?['Name'], 'Michael Nielsen')"
                          },
                          "description": "Filtering on a string instead of an array will fail"
                        },
                        "Parse_JSON_-_Input_for_my_filter": {
                          "runAfter": {},
                          "metadata": {
                            "operationMetadataId": "a6a1e9b1-eb9e-466e-8bf5-44ff405659f9"
                          },
                          "type": "ParseJson",
                          "inputs": {
                            "content": {
                              "Name": "Michael Nielsen",
                              "Email": "mni@abakion.com"
                            },
                            "schema": {
                              "type": "object",
                              "properties": {
                                "Name": {
                                  "type": "string"
                                },
                                "Email": {
                                  "type": "string"
                                }
                              }
                            }
                          }
                        }
                      }
                    }
                  },
                  "default": {
                    "actions": {
                      "HTTP_-_Good_API_call": {
                        "runAfter": {},
                        "metadata": {
                          "operationMetadataId": "42c52220-4a95-4c92-bb99-ae58b7fb3d29"
                        },
                        "type": "Http",
                        "inputs": {
                          "method": "GET",
                          "uri": "@{parameters('Testing API Endpoint - Good (mni_TestingAPIEndpoint)')}?name=Michael"
                        },
                        "description": "Url is: https://api.nationalize.io so add the querystring with a name"
                      },
                      "HTTP_-_Bad_API_call": {
                        "runAfter": {
                          "HTTP_-_Good_API_call": [
                            "Succeeded"
                          ]
                        },
                        "metadata": {
                          "operationMetadataId": "b8a6ae79-d27e-405c-bc60-15cbcedb4db1"
                        },
                        "type": "Http",
                        "inputs": {
                          "method": "GET",
                          "uri": "@parameters('Testing API Endpoint - Invalid (mni_TestingAPIEndpointInvalid)')",
                          "retryPolicy": {
                            "type": "none"
                          }
                        },
                        "description": "API endpoint is invalid, so this will fail"
                      }
                    }
                  },
                  "expression": "@toLower(item()['Direction'])",
                  "metadata": {
                    "operationMetadataId": "0592cf91-f431-4965-a66e-54e3322de86f"
                  },
                  "type": "Switch",
                  "description": "toLower(item())"
                },
                "Compose:_Random_Number": {
                  "runAfter": {},
                  "metadata": {
                    "operationMetadataId": "30ac73a4-1d44-4ace-be01-51642e77a71e"
                  },
                  "type": "Compose",
                  "inputs": "@rand(1,3)",
                  "description": "@{rand(1,3)}"
                }
              },
              "runAfter": {
                "Parse_JSON_-_Direction": [
                  "Succeeded"
                ]
              },
              "metadata": {
                "operationMetadataId": "6a000000-2c2c-4a4a-b74c-d661e5d2475b"
              },
              "type": "Foreach"
            }
          },
          "runAfter": {},
          "metadata": {
            "operationMetadataId": "724f9471-a9a1-4b79-9b97-f18ac7fe713d"
          },
          "type": "Scope"
        },
        "Catch": {
          "actions": {
            "Run_a_Child_Flow:_Error_Handler": {
              "runAfter": {
                "Compose_-_Actions_and_Results": [
                  "Succeeded"
                ]
              },
              "metadata": {
                "operationMetadataId": "cb644d43-e350-4335-80d2-c91f72813b49"
              },
              "type": "Workflow",
              "inputs": {
                "host": {
                  "workflowReferenceName": "3b14de32-f942-f011-8779-6045bde007d5"
                },
                "body": {
                  "TryBlock": "@outputs('Compose_-_Actions_and_Results')",
                  "Workflow": "@workflow()"
                },
                "retryPolicy": {
                  "type": "none"
                }
              },
              "description": "Call a child flow with two parameters, the output from the union of arrays and workflow(). The child flow will then return the error object."
            },
            "Compose_-_Actions_Array": {
              "runAfter": {},
              "metadata": {
                "operationMetadataId": "3159db6c-e49f-487a-8076-ccccc18ea521"
              },
              "type": "Compose",
              "inputs": [
                "@actions('Parse_JSON_-_Error_on_Schema')",
                "@actions('Filter_array_-_Error_on_input')",
                "@actions('HTTP_-_Good_API_Call')",
                "@actions('HTTP_-_Bad_API_Call')"
              ],
              "description": "Will compose an array of the different actions within the switch action"
            },
            "Compose_-_Actions_and_Results": {
              "runAfter": {
                "Compose_-_Actions_Array": [
                  "Succeeded"
                ]
              },
              "metadata": {
                "operationMetadataId": "fef2b66b-07b7-4dac-a514-aecebb149647"
              },
              "type": "Compose",
              "inputs": "@union(outputs('Compose_-_Actions_Array'), result('Switch:_Direction'), result('Apply_to_each:_Direction'), result('Try'))",
              "description": "Union the actions array and the results of the try scope"
            }
          },
          "runAfter": {
            "Try": [
              "Failed"
            ]
          },
          "metadata": {
            "operationMetadataId": "7086f3b8-5061-483f-ad91-4d61b7186852"
          },
          "type": "Scope"
        },
        "Finally": {
          "actions": {
            "Condition:_Try_succeeded": {
              "actions": {
                "Terminate:_Success": {
                  "runAfter": {},
                  "metadata": {
                    "operationMetadataId": "11c88565-6376-4847-8dea-3d4028b65db7"
                  },
                  "type": "Terminate",
                  "inputs": {
                    "runStatus": "Succeeded"
                  }
                }
              },
              "runAfter": {},
              "else": {
                "actions": {
                  "Terminate:_Failed": {
                    "runAfter": {
                      "Run_a_Child_Flow:_Send_notification": [
                        "Succeeded",
                        "Failed",
                        "TimedOut"
                      ]
                    },
                    "metadata": {
                      "operationMetadataId": "a085333b-69d1-432e-96d5-f8176ce42a2c"
                    },
                    "type": "Terminate",
                    "inputs": {
                      "runStatus": "Failed",
                      "runError": {
                        "code": "@{body('Run_a_Child_Flow:_Error_Handler')?['StatusCode']}",
                        "message": "@{body('Run_a_Child_Flow:_Error_Handler')?['ErrorMessage']}"
                      }
                    }
                  },
                  "Run_a_Child_Flow:_Send_notification": {
                    "runAfter": {},
                    "metadata": {
                      "operationMetadataId": "b67f91fd-d145-4fd2-be49-acd5e2684964"
                    },
                    "type": "Workflow",
                    "inputs": {
                      "host": {
                        "workflowReferenceName": "2b78a82d-754a-f011-8779-6045bde007d5"
                      },
                      "body": {
                        "MessageType": "Teams",
                        "ErrorObject": "@body('Run_a_Child_Flow:_Error_Handler')"
                      }
                    }
                  }
                }
              },
              "expression": {
                "equals": [
                  "@actions('Try')['status']",
                  "Succeeded"
                ]
              },
              "metadata": {
                "operationMetadataId": "8f622ecd-1940-4b11-97ac-3d92e4ec36c8"
              },
              "type": "If"
            }
          },
          "runAfter": {
            "Catch": [
              "Succeeded",
              "Failed",
              "TimedOut",
              "Skipped"
            ]
          },
          "metadata": {
            "operationMetadataId": "02438b6e-9114-446a-bf50-0c252aab6be7"
          },
          "type": "Scope"
        }
      }
    },
    "templateName": ""
  },
  "schemaVersion": "1.0.0.0"
}