{
  "properties": {
    "connectionReferences": {},
    "definition": {
      "$schema": "https://schema.management.azure.com/providers/Microsoft.Logic/schemas/2016-06-01/workflowdefinition.json#",
      "contentVersion": "1.0.0.0",
      "parameters": {
        "$authentication": {
          "defaultValue": {},
          "type": "SecureObject"
        }
      },
      "triggers": {
        "manual": {
          "metadata": {
            "operationMetadataId": "9c80d096-03bc-4d26-849b-23562f4e4aff"
          },
          "type": "Request",
          "kind": "Http",
          "inputs": {
            "triggerAuthenticationType": "All"
          }
        }
      },
      "actions": {
        "Compose_-_Generate_License_Plate": {
          "runAfter": {},
          "metadata": {
            "operationMetadataId": "0ce5998c-139a-4997-acf7-6f043d7e3967"
          },
          "type": "Compose",
          "inputs": "@{substring('ABCDEFGHIJKLMNOPQRSTUVWXYZ', rand(0,26), 1)}@{substring('ABCDEFGHIJKLMNOPQRSTUVWXYZ', rand(0,26), 1)} @{rand(1,9)}@{rand(0,9)} @{rand(1,9)}@{rand(0,9)}@{rand(0,9)}"
        },
        "Response": {
          "runAfter": {
            "Switch_-_Color": [
              "Succeeded"
            ]
          },
          "metadata": {
            "operationMetadataId": "c959c0f2-f090-4ea5-a1fc-a556c19c11de"
          },
          "type": "Response",
          "kind": "Http",
          "inputs": {
            "statusCode": 200,
            "body": {
              "License Plate": "@outputs('Compose_-_Generate_License_Plate')",
              "Type": "@coalesce(outputs('Compose_-_Convertible'),outputs('Compose_-_Sedan'),outputs('Compose_-_Minivan'),outputs('Compose_-_Rust_Bucket'))",
              "Color": "@coalesce(outputs('Compose_-_Blue'),outputs('Compose_-_Green'),outputs('Compose_-_Black'),outputs('Compose_-_Red'))",
              "Already Collected": "@if(lessOrEquals(rand(1,10),5), false, true)"
            }
          }
        },
        "Switch_-_Car_Type": {
          "runAfter": {
            "Compose_-_Generate_License_Plate": [
              "Succeeded"
            ]
          },
          "cases": {
            "Case": {
              "case": 0,
              "actions": {
                "Compose_-_Convertible": {
                  "runAfter": {},
                  "metadata": {
                    "operationMetadataId": "36bfa75e-29b9-4bb5-a3c1-003ac3310e4a"
                  },
                  "type": "Compose",
                  "inputs": "Convertible"
                }
              }
            },
            "Case_2": {
              "case": 1,
              "actions": {
                "Compose_-_Sedan": {
                  "runAfter": {},
                  "metadata": {
                    "operationMetadataId": "ef3e9d73-112c-4a66-add9-53c03f9b2572"
                  },
                  "type": "Compose",
                  "inputs": "Sedan"
                }
              }
            },
            "Case_3": {
              "case": 2,
              "actions": {
                "Compose_-_Minivan": {
                  "runAfter": {},
                  "metadata": {
                    "operationMetadataId": "c215a362-b0cd-492f-bfa0-8ae20a2d55a0"
                  },
                  "type": "Compose",
                  "inputs": "Minivan"
                }
              }
            },
            "Case_4": {
              "case": 3,
              "actions": {
                "Compose_-_Rust_Bucket": {
                  "runAfter": {},
                  "metadata": {
                    "operationMetadataId": "e5a971f7-cee9-460c-a3b8-37f7e269e09a"
                  },
                  "type": "Compose",
                  "inputs": "Rust Bucket"
                }
              }
            }
          },
          "default": {
            "actions": {}
          },
          "expression": "@rand(0,4)",
          "metadata": {
            "operationMetadataId": "72df542f-d51b-4099-9858-6bc9dd399922"
          },
          "type": "Switch"
        },
        "Switch_-_Color": {
          "runAfter": {
            "Switch_-_Car_Type": [
              "Succeeded"
            ]
          },
          "cases": {
            "Case": {
              "case": 0,
              "actions": {
                "Compose_-_Red": {
                  "runAfter": {},
                  "metadata": {
                    "operationMetadataId": "932762ea-272e-4baf-b93d-6f78222438cb"
                  },
                  "type": "Compose",
                  "inputs": "Red"
                }
              }
            },
            "Case_2": {
              "case": 1,
              "actions": {
                "Compose_-_Blue": {
                  "runAfter": {},
                  "metadata": {
                    "operationMetadataId": "c1244aa7-86dc-42ff-8dcc-965f6cb2ba6d"
                  },
                  "type": "Compose",
                  "inputs": "Blue"
                }
              }
            },
            "Case_3": {
              "case": 2,
              "actions": {
                "Compose_-_Green": {
                  "runAfter": {},
                  "metadata": {
                    "operationMetadataId": "697193ed-72b9-41bf-803f-3865f592fdf3"
                  },
                  "type": "Compose",
                  "inputs": "Green"
                }
              }
            },
            "Case_4": {
              "case": 3,
              "actions": {
                "Compose_-_Black": {
                  "runAfter": {},
                  "metadata": {
                    "operationMetadataId": "b59e3834-9c39-44b3-b3f2-1b85a41c18ba"
                  },
                  "type": "Compose",
                  "inputs": "Black"
                }
              }
            }
          },
          "default": {
            "actions": {}
          },
          "expression": "@rand(0, 4)",
          "metadata": {
            "operationMetadataId": "0683f120-f07a-42c4-bdb4-17500f64cd3a"
          },
          "type": "Switch"
        }
      }
    },
    "templateName": ""
  },
  "schemaVersion": "1.0.0.0"
}