{
  "properties": {
    "connectionReferences": {
      "shared_teams": {
        "runtimeSource": "embedded",
        "connection": {
          "connectionReferenceLogicalName": "mni_sharedteams_752c3"
        },
        "api": {
          "name": "shared_teams"
        }
      },
      "shared_sendmail": {
        "runtimeSource": "embedded",
        "connection": {
          "connectionReferenceLogicalName": "mni_sharedsendmail_7b9d1"
        },
        "api": {
          "name": "shared_sendmail"
        }
      }
    },
    "definition": {
      "$schema": "https://schema.management.azure.com/providers/Microsoft.Logic/schemas/2016-06-01/workflowdefinition.json#",
      "contentVersion": "1.0.0.0",
      "parameters": {
        "$connections": {
          "defaultValue": {},
          "type": "Object"
        },
        "$authentication": {
          "defaultValue": {},
          "type": "SecureObject"
        },
        "Error Handler Email (mni_ErrorHandlerEmail)": {
          "defaultValue": "mni@abakion.com",
          "type": "String",
          "metadata": {
            "schemaName": "mni_ErrorHandlerEmail",
            "description": "If error handler fails, an email will be sent to this person"
          }
        }
      },
      "triggers": {
        "manual": {
          "metadata": {
            "operationMetadataId": "d8e3cb91-31cb-4da6-81ee-989ce65287a6"
          },
          "type": "Request",
          "kind": "Http",
          "inputs": {
            "schema": {
              "type": "object",
              "properties": {
                "MessageType": {
                  "type": "string",
                  "description": "Type should be either Teams or Email."
                },
                "ErrorObject": {
                  "type": "object",
                  "description": "Full error object",
                  "properties": {}
                }
              }
            },
            "triggerAuthenticationType": "Tenant"
          }
        }
      },
      "actions": {
        "Try": {
          "actions": {
            "Switch_-_Message_Type": {
              "runAfter": {
                "Condition_-_Is_content_not_empty": [
                  "Succeeded"
                ]
              },
              "cases": {
                "Case_-_Teams": {
                  "case": "Teams",
                  "actions": {
                    "Post_message_in_a_chat_or_channel": {
                      "runAfter": {},
                      "metadata": {
                        "operationMetadataId": "31c6eba8-84b5-42fa-b03d-2863b5c7dcda"
                      },
                      "type": "OpenApiConnection",
                      "inputs": {
                        "host": {
                          "connectionName": "shared_teams",
                          "operationId": "PostMessageToConversation",
                          "apiId": "/providers/Microsoft.PowerApps/apis/shared_teams"
                        },
                        "parameters": {
                          "poster": "Flow bot",
                          "location": "Chat with Flow bot",
                          "body/recipient": "@{parameters('Error Handler Email (mni_ErrorHandlerEmail)')};",
                          "body/messageBody": "<p>An error occured within the flow:</p>\n<br/>\n<p><strong>@{triggerBody()?['ErrorObject']?['FlowName']}</strong></p>\n<br/>\n<p><table>\n<tr><th>Action</th><th>Error Message</th></tr>\n<tr><td> @{triggerBody()?['ErrorObject']?['ActionName']}</td><td> @{triggerBody()?['ErrorObject']?['ErrorMessage']}</td></tr>\n</table>\n@{outputs('Compose:_Content_Data')}\n</p>\n<br>\n<a href=\"@{triggerBody()?['ErrorObject']?['FlowLink']}\">Link to run</a>"
                        },
                        "authentication": "@parameters('$authentication')"
                      }
                    }
                  }
                },
                "Case_-_Mail": {
                  "case": "Mail",
                  "actions": {
                    "Send_an_email_notification_(V3)": {
                      "runAfter": {},
                      "metadata": {
                        "operationMetadataId": "d5213cdb-9fca-4618-b2cd-76fa55914963"
                      },
                      "type": "OpenApiConnection",
                      "inputs": {
                        "host": {
                          "connectionName": "shared_sendmail",
                          "operationId": "SendEmailV3",
                          "apiId": "/providers/Microsoft.PowerApps/apis/shared_sendmail"
                        },
                        "parameters": {
                          "request/to": "@{parameters('Error Handler Email (mni_ErrorHandlerEmail)')};",
                          "request/subject": "An error occured in @{triggerBody()?['ErrorObject']?['ActionName']}",
                          "request/text": "<p>An error occured within the flow:</p>\n<br/>\n<p><strong>@{triggerBody()?['ErrorObject']?['FlowName']}</strong></p>\n<br/>\n<p><table>\n<tr><th>Action</th><th>Error Message</th></tr>\n<tr><td> @{triggerBody()?['ErrorObject']?['ActionName']}</td><td> @{triggerBody()?['ErrorObject']?['ErrorMessage']}</td></tr>\n</table>\n@{outputs('Compose:_Content_Data')}\n</p>\n<br>\n<a href=\"@{triggerBody()?['ErrorObject']?['FlowLink']}\">Link to run</a>"
                        },
                        "authentication": "@parameters('$authentication')"
                      }
                    }
                  }
                }
              },
              "default": {
                "actions": {}
              },
              "expression": "@triggerBody()?['MessageType']",
              "metadata": {
                "operationMetadataId": "174f8b93-ed4f-4ae1-857e-0d4e5eb9f0f6"
              },
              "type": "Switch"
            },
            "Condition_-_Is_content_not_empty": {
              "actions": {
                "Compose:_Content_Data": {
                  "runAfter": {},
                  "metadata": {
                    "operationMetadataId": "a0ded608-0608-4bba-86c5-5e90ee97adaf"
                  },
                  "type": "Compose",
                  "inputs": "<br/>\n<p>This is the data submitted to the action</p>\n<table>\n<tr><th>Content</th></tr>\n<tr><td>@{triggerBody()?['ErrorObject']?['Content']}</td></tr>\n</table>",
                  "description": "Add HTML formatting to the content"
                }
              },
              "runAfter": {},
              "expression": {
                "equals": [
                  "@not(empty(triggerBody()?['ErrorObject']?['Content']))",
                  "@true"
                ]
              },
              "metadata": {
                "operationMetadataId": "1bc2f63c-4e1a-492c-84fc-d40b35bb553c"
              },
              "type": "If",
              "description": "not(empty(triggerBody()?['ErrorObject']?['Content'])) = true"
            }
          },
          "runAfter": {},
          "metadata": {
            "operationMetadataId": "9954be9c-f8fb-45ec-90b7-7aa9e73be793"
          },
          "type": "Scope"
        },
        "Catch": {
          "actions": {},
          "runAfter": {
            "Try": [
              "Failed",
              "TimedOut"
            ]
          },
          "metadata": {
            "operationMetadataId": "bddfe6dc-afa7-42b5-ab4c-e61bfb1c4421"
          },
          "type": "Scope"
        },
        "Finally": {
          "actions": {
            "Condition:_Try_Succeeded": {
              "actions": {
                "Response:_Successful": {
                  "runAfter": {},
                  "metadata": {
                    "operationMetadataId": "671694d9-4511-4858-999d-c56d8c0354d9"
                  },
                  "type": "Response",
                  "kind": "Http",
                  "inputs": {
                    "statusCode": 200
                  }
                }
              },
              "runAfter": {},
              "else": {
                "actions": {
                  "Response:_Failed": {
                    "runAfter": {},
                    "metadata": {
                      "operationMetadataId": "ab99a526-386f-4f37-9fdf-d1219fde4212"
                    },
                    "type": "Response",
                    "kind": "Http",
                    "inputs": {
                      "statusCode": 500,
                      "body": "Message was not sent"
                    }
                  },
                  "Terminate_-_Failed": {
                    "runAfter": {
                      "Response:_Failed": [
                        "Succeeded"
                      ]
                    },
                    "metadata": {
                      "operationMetadataId": "658718f0-55ee-4e3f-8713-4efb52fcf823"
                    },
                    "type": "Terminate",
                    "inputs": {
                      "runStatus": "Failed",
                      "runError": {
                        "code": "500",
                        "message": "Messaging failed"
                      }
                    }
                  }
                }
              },
              "expression": {
                "equals": [
                  "@actions('Try')['status']",
                  "Succeeded"
                ]
              },
              "metadata": {
                "operationMetadataId": "f5e55bba-8144-48de-956a-700750265af9"
              },
              "type": "If"
            }
          },
          "runAfter": {
            "Catch": [
              "Succeeded",
              "Failed",
              "Skipped",
              "TimedOut"
            ]
          },
          "metadata": {
            "operationMetadataId": "5137f179-d97a-476c-be76-c26bbb5d9101"
          },
          "type": "Scope"
        }
      },
      "outputs": {}
    },
    "templateName": ""
  },
  "schemaVersion": "1.0.0.0"
}