{
  "properties": {
    "connectionReferences": {
      "shared_teams": {
        "runtimeSource": "embedded",
        "connection": {
          "connectionReferenceLogicalName": "mni_sharedteams_752c3"
        },
        "api": {
          "name": "shared_teams"
        }
      },
      "shared_commondataserviceforapps": {
        "runtimeSource": "embedded",
        "connection": {
          "connectionReferenceLogicalName": "mni_sharedcommondataserviceforapps_ad497"
        },
        "api": {
          "name": "shared_commondataserviceforapps"
        }
      }
    },
    "definition": {
      "$schema": "https://schema.management.azure.com/providers/Microsoft.Logic/schemas/2016-06-01/workflowdefinition.json#",
      "contentVersion": "1.0.0.0",
      "parameters": {
        "$connections": {
          "defaultValue": {},
          "type": "Object"
        },
        "$authentication": {
          "defaultValue": {},
          "type": "SecureObject"
        },
        "Error Handler Email (mni_ErrorHandlerEmail)": {
          "defaultValue": "mni@abakion.com",
          "type": "String",
          "metadata": {
            "schemaName": "mni_ErrorHandlerEmail",
            "description": "If error handler fails, an email will be sent to this person"
          }
        }
      },
      "triggers": {
        "manual": {
          "metadata": {
            "operationMetadataId": "25fe4aea-e122-45ac-aa2c-cdf7afa63bd0"
          },
          "type": "Request",
          "kind": "Button",
          "inputs": {
            "schema": {
              "type": "object",
              "properties": {},
              "required": []
            }
          }
        }
      },
      "actions": {
        "Send_Teams_Message": {
          "runAfter": {
            "Compose:_Flow_URI": [
              "Succeeded"
            ]
          },
          "metadata": {
            "operationMetadataId": "b6d0cc43-6e7a-47a0-9863-a0f7cd4a05b9"
          },
          "type": "OpenApiConnection",
          "inputs": {
            "host": {
              "connectionName": "shared_teams",
              "operationId": "PostMessageToConversation",
              "apiId": "/providers/Microsoft.PowerApps/apis/shared_teams"
            },
            "parameters": {
              "poster": "Flow bot",
              "location": "Chat with Flow bot",
              "body/recipient": "@{parameters('Error Handler Email (mni_ErrorHandlerEmail)')};",
              "body/messageBody": "<p>An error occured in your flow:</p>\n<br/>\n<p><strong>@{workflow().tags.flowDisplayName}</strong></p>\n<br/>\n<table>\n<tr><th>Action</th><th>Error</th></tr>\n<tr><td>@{actions('Add_a_new_row:_Add_Car_to_Dataverse')['name']}</td><td>@{actions('Add_a_new_row:_Add_Car_to_Dataverse')['error']['message']}</td></tr>\n</table>\n<br/>\n<a href=\"@{outputs('Compose:_Flow_URI')}\">Link to run</a>"
            },
            "authentication": {
              "type": "Raw",
              "value": "@json(decodeBase64(triggerOutputs().headers['X-MS-APIM-Tokens']))['$ConnectionKey']"
            }
          }
        },
        "Terminate": {
          "runAfter": {
            "Send_Teams_Message": [
              "Succeeded",
              "Failed"
            ]
          },
          "metadata": {
            "operationMetadataId": "4153ccf7-4877-4e3f-b094-ccca9e5df904"
          },
          "type": "Terminate",
          "inputs": {
            "runStatus": "Failed",
            "runError": {
              "code": "500",
              "message": "Something went wrong"
            }
          }
        },
        "Add_a_new_row:_Add_Car_to_Dataverse": {
          "runAfter": {
            "Run_a_Child_Flow:_Get_Car": [
              "Succeeded"
            ]
          },
          "metadata": {
            "operationMetadataId": "5ed7c95a-7b54-43f5-b2d1-15558b3772f3"
          },
          "type": "OpenApiConnection",
          "inputs": {
            "host": {
              "connectionName": "shared_commondataserviceforapps",
              "operationId": "CreateRecord",
              "apiId": "/providers/Microsoft.PowerApps/apis/shared_commondataserviceforapps"
            },
            "parameters": {
              "entityName": "mni_session_errorhandling_cars",
              "item/mni_name": "@string('')",
              "item/mni_session_errorhandling_color": "@body('Run_a_Child_Flow:_Get_Car')['Color']",
              "item/mni_session_errorhandling_licenseplate": "@body('Run_a_Child_Flow:_Get_Car')['License Plate']",
              "item/mni_session_errorhandling_type": "@body('Run_a_Child_Flow:_Get_Car')['Type']"
            },
            "authentication": {
              "type": "Raw",
              "value": "@json(decodeBase64(triggerOutputs().headers['X-MS-APIM-Tokens']))['$ConnectionKey']"
            }
          }
        },
        "List_rows:_Get_all_cars": {
          "runAfter": {
            "Add_a_new_row:_Add_Car_to_Dataverse": [
              "Succeeded"
            ]
          },
          "metadata": {
            "operationMetadataId": "a84eb1e2-3f9c-40d0-be37-d36fcbdefae6"
          },
          "type": "OpenApiConnection",
          "inputs": {
            "host": {
              "connectionName": "shared_commondataserviceforapps",
              "operationId": "ListRecords",
              "apiId": "/providers/Microsoft.PowerApps/apis/shared_commondataserviceforapps"
            },
            "parameters": {
              "entityName": "mni_session_errorhandling_cars",
              "$select": "mni_session_errorhandling_color,mni_session_errorhandling_type,mni_session_errorhandling_licenseplate,createdon"
            },
            "authentication": {
              "type": "Raw",
              "value": "@json(decodeBase64(triggerOutputs().headers['X-MS-APIM-Tokens']))['$ConnectionKey']"
            }
          }
        },
        "Select:_Data_for_table": {
          "runAfter": {
            "List_rows:_Get_all_cars": [
              "Succeeded"
            ]
          },
          "metadata": {
            "operationMetadataId": "0abbae88-8f6c-40b3-a5e3-ced1fe89995c"
          },
          "type": "Select",
          "inputs": {
            "from": "This is bad data\n@{outputs('List_rows:_Get_all_cars')?['body/value']}",
            "select": {
              "Date": "@item()?['createdon']",
              "License Plate": "@item()?['mni_session_errorhandling_licenseplate']",
              "Type": "@item()?['mni_session_errorhandling_type']",
              "Color": "@item()?['mni_session_errorhandling_color']"
            }
          }
        },
        "Create_HTML_table": {
          "runAfter": {
            "Select:_Data_for_table": [
              "Succeeded"
            ]
          },
          "metadata": {
            "operationMetadataId": "b5b6cd71-5336-4885-a18f-9005980399b8"
          },
          "type": "Table",
          "inputs": {
            "from": "@body('Select:_Data_for_table')",
            "format": "HTML"
          }
        },
        "Terminate:_Succeeded": {
          "runAfter": {
            "Create_HTML_table": [
              "Succeeded"
            ]
          },
          "metadata": {
            "operationMetadataId": "af8c48be-7777-4ae6-8d47-935c6f7d5e59"
          },
          "type": "Terminate",
          "inputs": {
            "runStatus": "Succeeded"
          }
        },
        "Run_a_Child_Flow:_Get_Car": {
          "runAfter": {},
          "metadata": {
            "operationMetadataId": "604ff03a-6bc1-4cb0-a15a-d0fbcd363227"
          },
          "type": "Workflow",
          "inputs": {
            "host": {
              "workflowReferenceName": "06ec6f36-bbfd-ef11-bae3-0022489f5e56"
            }
          }
        },
        "Compose:_Flow_URI": {
          "runAfter": {
            "Create_HTML_table": [
              "Failed",
              "Skipped",
              "TimedOut"
            ]
          },
          "metadata": {
            "operationMetadataId": "de3f412e-75d0-46ba-a618-6136b498d428"
          },
          "type": "Compose",
          "inputs": "@concat('https://make.powerautomate.com/environments/', workflow()['tags']['environmentName'], '/flows/', workflow()['name'], '/runs/', workflow().run.name)"
        }
      }
    },
    "templateName": ""
  },
  "schemaVersion": "1.0.0.0"
}