{
  "properties": {
    "connectionReferences": {},
    "definition": {
      "$schema": "https://schema.management.azure.com/providers/Microsoft.Logic/schemas/2016-06-01/workflowdefinition.json#",
      "contentVersion": "1.0.0.0",
      "parameters": {
        "$authentication": {
          "defaultValue": {},
          "type": "SecureObject"
        }
      },
      "triggers": {
        "manual": {
          "metadata": {
            "operationMetadataId": "1859dd11-0e61-4cc2-a3eb-1cdd1dcfd963"
          },
          "type": "Request",
          "kind": "Button",
          "inputs": {
            "schema": {
              "type": "object",
              "properties": {},
              "required": []
            }
          }
        }
      },
      "actions": {
        "Try": {
          "actions": {
            "Parse_JSON_-_Direction": {
              "runAfter": {},
              "metadata": {
                "operationMetadataId": "0ad6fc4f-7822-4b89-92cb-1c3077304a14"
              },
              "type": "ParseJson",
              "inputs": {
                "content": [
                  {
                    "Direction": "East"
                  },
                  {
                    "Direction": "West"
                  },
                  {
                    "Direction": "Nowhere"
                  },
                  {
                    "Direction": "East"
                  },
                  {
                    "Direction": "West"
                  },
                  {
                    "Direction": "Nowhere"
                  }
                ],
                "schema": {
                  "type": "array",
                  "items": {
                    "type": "object",
                    "properties": {
                      "Direction": {
                        "type": "string"
                      }
                    },
                    "required": [
                      "Direction"
                    ]
                  }
                }
              }
            },
            "Apply_to_each:_Direction": {
              "foreach": "@body('Parse_JSON_-_Direction')",
              "actions": {
                "Switch:_Direction": {
                  "runAfter": {
                    "Compose:_Random_Number": [
                      "Succeeded"
                    ]
                  },
                  "cases": {
                    "Case:_East": {
                      "case": "east",
                      "actions": {
                        "Condition_-_Is_the_number_1_(1)": {
                          "actions": {
                            "Compose:_Sunrise": {
                              "runAfter": {},
                              "metadata": {
                                "operationMetadataId": "8470f9c7-1362-461b-99a1-cf8e06de5846"
                              },
                              "type": "Compose",
                              "inputs": "My direction is toward the sunrise"
                            }
                          },
                          "runAfter": {},
                          "else": {
                            "actions": {
                              "Parse_JSON_-_Will_error": {
                                "runAfter": {},
                                "metadata": {
                                  "operationMetadataId": "313f9132-dadd-4986-9b65-ad5daf5d2a80"
                                },
                                "type": "ParseJson",
                                "inputs": {
                                  "content": "@body('Parse_JSON_-_Direction')",
                                  "schema": {
                                    "type": "array",
                                    "items": {
                                      "type": "object",
                                      "properties": {
                                        "Direction": {
                                          "type": "string"
                                        },
                                        "Owner": {
                                          "type": "string"
                                        }
                                      },
                                      "required": [
                                        "Direction",
                                        "Owner"
                                      ]
                                    }
                                  }
                                }
                              }
                            }
                          },
                          "expression": {
                            "equals": [
                              "@outputs('Compose:_Random_Number')",
                              1
                            ]
                          },
                          "metadata": {
                            "operationMetadataId": "e8123d84-8823-4caa-ae26-52f15a7ec7ca"
                          },
                          "type": "If"
                        }
                      }
                    },
                    "Case:_West": {
                      "case": "west",
                      "actions": {
                        "Condition_-_Is_the_number_1_(2)": {
                          "actions": {
                            "Compose:_Sunset": {
                              "runAfter": {},
                              "metadata": {
                                "operationMetadataId": "875ce68d-96ce-48d0-aee8-1b568502c9ad"
                              },
                              "type": "Compose",
                              "inputs": "My direction is toward the sunset"
                            }
                          },
                          "runAfter": {},
                          "expression": {
                            "equals": [
                              "@outputs('Compose:_Random_Number')",
                              1
                            ]
                          },
                          "metadata": {
                            "operationMetadataId": "5acbd93a-acb7-4139-a435-0bb00b9ab3a7"
                          },
                          "type": "If"
                        }
                      }
                    }
                  },
                  "default": {
                    "actions": {
                      "Compose:_Nowhere": {
                        "runAfter": {},
                        "metadata": {
                          "operationMetadataId": "cf1effe4-cdc9-4499-ac30-89b139099eb9"
                        },
                        "type": "Compose",
                        "inputs": "I am going nowhere  / Let's error on that\n@{string()}"
                      }
                    }
                  },
                  "expression": "@toLower(item()['Direction'])",
                  "metadata": {
                    "operationMetadataId": "0592cf91-f431-4965-a66e-54e3322de86f"
                  },
                  "type": "Switch",
                  "description": "toLower(item())"
                },
                "Compose:_Random_Number": {
                  "runAfter": {},
                  "metadata": {
                    "operationMetadataId": "30ac73a4-1d44-4ace-be01-51642e77a71e"
                  },
                  "type": "Compose",
                  "inputs": "@rand(1,3)",
                  "description": "@{rand(1,3)}"
                },
                "Compose:_Get_text_or_create_error": {
                  "runAfter": {
                    "Switch:_Direction": [
                      "Succeeded",
                      "Failed"
                    ]
                  },
                  "metadata": {
                    "operationMetadataId": "aa14be7f-85b1-4404-9dd6-4b2cc71e8a66"
                  },
                  "type": "Compose",
                  "inputs": "@coalesce(outputs('Compose:_Sunset'),outputs('Compose:_Sunrise'),string())",
                  "description": "@{coalesce(outputs('Compose:_Sunset'),outputs('Compose:_Sunrise'),outputs('Compose:_Nowhere'))}"
                }
              },
              "runAfter": {
                "Parse_JSON_-_Direction": [
                  "Succeeded"
                ]
              },
              "metadata": {
                "operationMetadataId": "6a000000-2c2c-4a4a-b74c-d661e5d2475b"
              },
              "type": "Foreach"
            }
          },
          "runAfter": {},
          "metadata": {
            "operationMetadataId": "724f9471-a9a1-4b79-9b97-f18ac7fe713d"
          },
          "type": "Scope"
        },
        "Catch": {
          "actions": {
            "Run_a_Child_Flow:_Error_Handler": {
              "runAfter": {
                "Compose_-_Actions_and_Results": [
                  "Succeeded"
                ]
              },
              "metadata": {
                "operationMetadataId": "cb644d43-e350-4335-80d2-c91f72813b49"
              },
              "type": "Workflow",
              "inputs": {
                "host": {
                  "workflowReferenceName": "3b14de32-f942-f011-8779-6045bde007d5"
                },
                "body": {
                  "TryBlock": "@outputs('Compose_-_Actions_and_Results')",
                  "Workflow": "@workflow()"
                },
                "retryPolicy": {
                  "type": "none"
                }
              },
              "description": "Call a child flow with two parameters, the result('try') and workflow(). The child flow will then return the error object."
            },
            "Compose_-__Actions": {
              "runAfter": {},
              "metadata": {
                "operationMetadataId": "3159db6c-e49f-487a-8076-ccccc18ea521"
              },
              "type": "Compose",
              "inputs": [
                "@actions('Compose:_Sunrise')",
                "@actions('Compose:_Sunset')",
                "@actions('Compose:_Nowhere')",
                "@actions('Parse_JSON_-_Will_error')"
              ],
              "description": "[   @{actions('Compose:_Sunrise')},   @{actions('Compose:_Sunset')},   @{actions('Compose:_Nowhere')},   @{actions('Parse_JSON_-_Will_error')} ]"
            },
            "Compose_-_Actions_and_Results": {
              "runAfter": {
                "Compose_-__Actions": [
                  "Succeeded"
                ]
              },
              "metadata": {
                "operationMetadataId": "fef2b66b-07b7-4dac-a514-aecebb149647"
              },
              "type": "Compose",
              "inputs": "@union(outputs('Compose_-__Actions'), result('Switch:_Direction'), result('Apply_to_each:_Direction'), result('Try'))",
              "description": "@{union(outputs('Compose_-__Actions'), result('Switch:_Direction'), result('Apply_to_each:_Direction'), result('Try'))}"
            }
          },
          "runAfter": {
            "Try": [
              "Failed"
            ]
          },
          "metadata": {
            "operationMetadataId": "7086f3b8-5061-483f-ad91-4d61b7186852"
          },
          "type": "Scope"
        },
        "Finally": {
          "actions": {
            "Condition:_Try_succeeded": {
              "actions": {
                "Terminate:_Success": {
                  "runAfter": {},
                  "metadata": {
                    "operationMetadataId": "11c88565-6376-4847-8dea-3d4028b65db7"
                  },
                  "type": "Terminate",
                  "inputs": {
                    "runStatus": "Succeeded"
                  }
                }
              },
              "runAfter": {},
              "else": {
                "actions": {
                  "Terminate:_Failed": {
                    "runAfter": {
                      "Run_a_Child_Flow:_Send_notification": [
                        "Succeeded",
                        "Failed",
                        "TimedOut"
                      ]
                    },
                    "metadata": {
                      "operationMetadataId": "a085333b-69d1-432e-96d5-f8176ce42a2c"
                    },
                    "type": "Terminate",
                    "inputs": {
                      "runStatus": "Failed",
                      "runError": {
                        "code": "@{body('Run_a_Child_Flow:_Error_Handler')?['StatusCode']}",
                        "message": "@{body('Run_a_Child_Flow:_Error_Handler')?['ErrorMessage']}"
                      }
                    }
                  },
                  "Run_a_Child_Flow:_Send_notification": {
                    "runAfter": {},
                    "metadata": {
                      "operationMetadataId": "b67f91fd-d145-4fd2-be49-acd5e2684964"
                    },
                    "type": "Workflow",
                    "inputs": {
                      "host": {
                        "workflowReferenceName": "2b78a82d-754a-f011-8779-6045bde007d5"
                      },
                      "body": {
                        "MessageType": "Teams",
                        "ErrorObject": "@body('Run_a_Child_Flow:_Error_Handler')"
                      }
                    }
                  }
                }
              },
              "expression": {
                "equals": [
                  "@actions('Try')['status']",
                  "Succeeded"
                ]
              },
              "metadata": {
                "operationMetadataId": "8f622ecd-1940-4b11-97ac-3d92e4ec36c8"
              },
              "type": "If"
            }
          },
          "runAfter": {
            "Catch": [
              "Succeeded",
              "Failed",
              "TimedOut",
              "Skipped"
            ]
          },
          "metadata": {
            "operationMetadataId": "02438b6e-9114-446a-bf50-0c252aab6be7"
          },
          "type": "Scope"
        }
      }
    },
    "templateName": ""
  },
  "schemaVersion": "1.0.0.0"
}