{
  "properties": {
    "connectionReferences": {
      "shared_sendmail": {
        "runtimeSource": "embedded",
        "connection": {
          "connectionReferenceLogicalName": "mni_sharedsendmail_7b9d1"
        },
        "api": {
          "name": "shared_sendmail"
        }
      }
    },
    "definition": {
      "$schema": "https://schema.management.azure.com/providers/Microsoft.Logic/schemas/2016-06-01/workflowdefinition.json#",
      "contentVersion": "1.0.0.0",
      "parameters": {
        "$connections": {
          "defaultValue": {},
          "type": "Object"
        },
        "$authentication": {
          "defaultValue": {},
          "type": "SecureObject"
        },
        "Error Handler Email (mni_ErrorHandlerEmail)": {
          "defaultValue": "mni@abakion.com",
          "type": "String",
          "metadata": {
            "schemaName": "mni_ErrorHandlerEmail",
            "description": "If error handler fails, an email will be sent to this person"
          }
        }
      },
      "triggers": {
        "manual": {
          "metadata": {
            "operationMetadataId": "fa7d49e3-d970-4437-8383-146d0ec3c046"
          },
          "type": "Request",
          "kind": "Http",
          "inputs": {
            "schema": {
              "type": "object",
              "properties": {
                "TryBlock": {
                  "type": "array",
                  "description": "The try block, or a union of several actions."
                },
                "Workflow": {
                  "type": "object",
                  "description": "Details of the workflow that caused the error.",
                  "properties": {}
                }
              }
            },
            "method": "POST",
            "triggerAuthenticationType": "Tenant"
          }
        }
      },
      "actions": {
        "Response_-_Successful": {
          "runAfter": {
            "Parse_JSON:_Workflow": [
              "Succeeded"
            ]
          },
          "metadata": {
            "operationMetadataId": "aa70bc95-3a3d-464f-b1a6-a4161be5cc13"
          },
          "type": "Response",
          "kind": "Http",
          "inputs": {
            "statusCode": 200,
            "body": {
              "FlowName": "@body('Parse_JSON:_Workflow')?['tags']?['flowDisplayName']",
              "FlowLink": "@concat('https://make.powerautomate.com/environments/', body('Parse_JSON:_Workflow')?['tags']?['environmentName'], '/flows/', body('Parse_JSON:_Workflow')?['name'], '/runs/', body('Parse_JSON:_Workflow')?['run']?['name'])",
              "StatusCode": "@first(xpath(outputs('Compose:_Convert_to_XML'), '//code/text()'))",
              "Status": "@first(xpath(outputs('Compose:_Convert_to_XML'), '//status/text()'))",
              "ActionName": "@first(xpath(outputs('Compose:_Convert_to_XML'), '//name/text()'))",
              "ErrorMessage": "@outputs('Compose:_Get_error_message_using_XPath')",
              "Content": "@take(string(first(body('Filter_array:_Get_failed_step'))), 20000)"
            },
            "schema": {
              "type": "object",
              "properties": {
                "FlowName": {},
                "FlowLink": {},
                "StatusCode": {},
                "Status": {},
                "ActionName": {},
                "ErrorMessage": {},
                "Content": {}
              }
            }
          }
        },
        "Response_-_Failed": {
          "runAfter": {
            "Filter_array:_Get_failed_step_(2)": [
              "Succeeded",
              "Failed"
            ]
          },
          "metadata": {
            "operationMetadataId": "979464ea-98a4-461e-96ee-58171214c645"
          },
          "type": "Response",
          "kind": "Http",
          "inputs": {
            "statusCode": 500,
            "body": {
              "FlowName": "@workflow().tags.flowDisplayName",
              "FlowLink": "@concat('https://make.powerautomate.com/environments/', workflow()['tags']['environmentName'], '/flows/', workflow()['name'], '/runs/', workflow().run.name)",
              "StatusCode": "500",
              "Status": "Unable to parse error",
              "ActionName": "",
              "ErrorMessage": "@outputs('Compose:_Get_error_message_using_XPath')",
              "Content": "@take(string(first(body('Filter_array:_Get_failed_step_(2)'))), 20000)"
            },
            "schema": {
              "type": "object",
              "properties": {
                "FlowName": {},
                "FlowLink": {},
                "StatusCode": {},
                "Status": {},
                "ActionName": {},
                "ErrorMessage": {},
                "Content": {}
              }
            }
          }
        },
        "Terminate": {
          "runAfter": {
            "Send_an_email_notification_(V3)": [
              "Succeeded",
              "Failed",
              "TimedOut"
            ]
          },
          "metadata": {
            "operationMetadataId": "2c6ada11-9f0c-4bcf-9ecd-c73db1f54668"
          },
          "type": "Terminate",
          "inputs": {
            "runStatus": "Failed",
            "runError": {
              "code": "500",
              "message": "Unable to parse errormessage"
            }
          }
        },
        "Send_an_email_notification_(V3)": {
          "runAfter": {
            "Response_-_Failed": [
              "Failed",
              "TimedOut"
            ]
          },
          "metadata": {
            "operationMetadataId": "cc420c4e-35f2-49de-9c9b-91bdd9d9b0d6"
          },
          "type": "OpenApiConnection",
          "inputs": {
            "host": {
              "connectionName": "shared_sendmail",
              "operationId": "SendEmailV3",
              "apiId": "/providers/Microsoft.PowerApps/apis/shared_sendmail"
            },
            "parameters": {
              "request/to": "@{parameters('Error Handler Email (mni_ErrorHandlerEmail)')};",
              "request/subject": "[@{body('Parse_JSON:_Result_error_message')?['FlowName']}] ErrorHandling failed",
              "request/text": "<p>3</p>"
            },
            "authentication": "@parameters('$authentication')"
          }
        },
        "Try": {
          "actions": {
            "Compose:_Add_root_to_first_result_in_filter_array": {
              "runAfter": {
                "Filter_array:_Get_failed_step": [
                  "Succeeded"
                ]
              },
              "metadata": {
                "operationMetadataId": "9443c471-8054-47dd-8187-e56189dc26d9"
              },
              "type": "Compose",
              "inputs": {
                "Root": {
                  "ErrorsFromJson": "@first(body('Filter_array:_Get_failed_step'))"
                }
              },
              "description": "Conversion to XML requires the JSON to be an object, so create a root"
            },
            "Compose:_Convert_to_XML": {
              "runAfter": {
                "Compose:_Add_root_to_first_result_in_filter_array": [
                  "Succeeded"
                ]
              },
              "metadata": {
                "operationMetadataId": "8197e7d1-de62-4e40-870c-c33d0f01ea88"
              },
              "type": "Compose",
              "inputs": "@xml(outputs('Compose:_Add_root_to_first_result_in_filter_array'))",
              "description": "xml(outputs('Compose:_Add_root_to_first_result_in_filter_array'))"
            },
            "Compose:_Get_error_message_using_XPath": {
              "runAfter": {
                "Compose:_Convert_to_XML": [
                  "Succeeded"
                ]
              },
              "metadata": {
                "operationMetadataId": "a85ba0fc-3046-4f9d-9bd8-ade70ea904d3"
              },
              "type": "Compose",
              "inputs": "@join(xpath(outputs('Compose:_Convert_to_XML'), '/Root/ErrorsFromJson/outputs[status=\"Failed\"]/error/message/text()'), decodeUriComponent('%0A'))",
              "description": "@{join(xpath(outputs('Compose:_Convert_to_XML'), '//message/text()'), decodeDataUri('%0a'))}"
            },
            "Parse_JSON:_Result_error_message": {
              "runAfter": {
                "Compose:_Get_error_message_using_XPath": [
                  "Succeeded"
                ]
              },
              "metadata": {
                "operationMetadataId": "f5742d28-d076-4dd8-a936-eca2493bff84"
              },
              "type": "ParseJson",
              "inputs": {
                "content": {
                  "FlowName": "@workflow().tags.flowDisplayName",
                  "FlowLink": "@concat('https://make.powerautomate.com/environments/', workflow()['tags']['environmentName'], '/flows/', workflow()['name'], '/runs/', workflow().run.name)",
                  "StatusCode": "@first(xpath(outputs('Compose:_Convert_to_XML'), '//code/text()'))",
                  "Status": "@first(xpath(outputs('Compose:_Convert_to_XML'), '//status/text()'))",
                  "ActionName": "@first(xpath(outputs('Compose:_Convert_to_XML'), '//name/text()'))",
                  "ErrorMessage": "@outputs('Compose:_Get_error_message_using_XPath')",
                  "Content": "@take(string(first(body('Filter_array:_Get_failed_step'))), 20000)"
                },
                "schema": {
                  "type": "object",
                  "properties": {
                    "FlowName": {},
                    "FlowLink": {},
                    "StatusCode": {},
                    "Status": {},
                    "ActionName": {},
                    "ErrorMessage": {},
                    "Content": {}
                  }
                }
              },
              "description": "Build output for warning message, content is limited to 20000 characters."
            },
            "Filter_array:_Get_failed_step": {
              "runAfter": {},
              "metadata": {
                "operationMetadataId": "5faf8020-5810-4731-9a0b-871e2c839f2a"
              },
              "type": "Query",
              "inputs": {
                "from": "@triggerBody()?['TryBlock']",
                "where": "@equals(item()['status'], 'Failed')"
              },
              "description": "Get failed action from Try scope: result('Try')"
            }
          },
          "runAfter": {},
          "metadata": {
            "operationMetadataId": "923bf5fd-d670-41f9-96a2-5e3073130e50"
          },
          "type": "Scope"
        },
        "Filter_array:_Get_failed_step_(2)": {
          "runAfter": {
            "Try": [
              "Failed"
            ]
          },
          "metadata": {
            "operationMetadataId": "5faf8020-5810-4731-9a0b-871e2c839f2a"
          },
          "type": "Query",
          "inputs": {
            "from": "@result('Try')",
            "where": "@equals(item()['status'], 'Failed')"
          },
          "description": "Get failed action from Try scope: result('Try')"
        },
        "Parse_JSON:_Workflow": {
          "runAfter": {
            "Try": [
              "Succeeded"
            ]
          },
          "metadata": {
            "operationMetadataId": "c1b9f18b-81eb-42fb-8824-a04ba7ac34b7"
          },
          "type": "ParseJson",
          "inputs": {
            "content": "@triggerBody()?['WorkFLow']",
            "schema": {
              "type": "object",
              "properties": {
                "id": {
                  "type": "string"
                },
                "name": {
                  "type": "string"
                },
                "type": {
                  "type": "string"
                },
                "location": {
                  "type": "string"
                },
                "tags": {
                  "type": "object",
                  "properties": {
                    "flowDisplayName": {
                      "type": "string"
                    },
                    "capabilities": {
                      "type": "string"
                    },
                    "environmentName": {
                      "type": "string"
                    },
                    "logicAppName": {
                      "type": "string"
                    },
                    "environmentWorkflowId": {
                      "type": "string"
                    },
                    "xrmWorkflowId": {
                      "type": "string"
                    },
                    "environmentFlowSuspensionReason": {
                      "type": "string"
                    },
                    "sharingType": {
                      "type": "string"
                    },
                    "state": {
                      "type": "string"
                    },
                    "createdTime": {
                      "type": "string"
                    },
                    "lastModifiedTime": {
                      "type": "string"
                    },
                    "createdBy": {
                      "type": "string"
                    },
                    "triggerType": {
                      "type": "string"
                    }
                  }
                },
                "run": {
                  "type": "object",
                  "properties": {
                    "id": {
                      "type": "string"
                    },
                    "name": {
                      "type": "string"
                    },
                    "type": {
                      "type": "string"
                    }
                  }
                }
              }
            }
          }
        }
      },
      "outputs": {}
    },
    "templateName": ""
  },
  "schemaVersion": "1.0.0.0"
}