{
  "properties": {
    "connectionReferences": {},
    "definition": {
      "$schema": "https://schema.management.azure.com/providers/Microsoft.Logic/schemas/2016-06-01/workflowdefinition.json#",
      "contentVersion": "1.0.0.0",
      "parameters": {
        "$authentication": {
          "defaultValue": {},
          "type": "SecureObject"
        }
      },
      "triggers": {
        "manual": {
          "metadata": {
            "operationMetadataId": "1859dd11-0e61-4cc2-a3eb-1cdd1dcfd963"
          },
          "type": "Request",
          "kind": "Button",
          "inputs": {
            "schema": {
              "type": "object",
              "properties": {},
              "required": []
            }
          }
        }
      },
      "actions": {
        "Try": {
          "actions": {},
          "runAfter": {},
          "metadata": {
            "operationMetadataId": "724f9471-a9a1-4b79-9b97-f18ac7fe713d"
          },
          "type": "Scope"
        },
        "Catch": {
          "actions": {
            "Run_a_Child_Flow:_Error_Handler": {
              "runAfter": {},
              "metadata": {
                "operationMetadataId": "cb644d43-e350-4335-80d2-c91f72813b49"
              },
              "type": "Workflow",
              "inputs": {
                "host": {
                  "workflowReferenceName": "3b14de32-f942-f011-8779-6045bde007d5"
                },
                "body": {
                  "TryBlock": "@result('Try')",
                  "Workflow": "@workflow()"
                }
              },
              "description": "Call a child flow with two parameters, the result('try') and workflow(). The child flow will then return the error object."
            }
          },
          "runAfter": {
            "Try": [
              "Failed"
            ]
          },
          "metadata": {
            "operationMetadataId": "7086f3b8-5061-483f-ad91-4d61b7186852"
          },
          "type": "Scope"
        },
        "Finally": {
          "actions": {
            "Condition:_Try_succeeded": {
              "actions": {
                "Terminate:_Success": {
                  "runAfter": {},
                  "metadata": {
                    "operationMetadataId": "11c88565-6376-4847-8dea-3d4028b65db7"
                  },
                  "type": "Terminate",
                  "inputs": {
                    "runStatus": "Succeeded"
                  }
                }
              },
              "runAfter": {},
              "else": {
                "actions": {
                  "Terminate:_Failed": {
                    "runAfter": {
                      "Run_a_Child_Flow:_Send_Notification": [
                        "Succeeded"
                      ]
                    },
                    "metadata": {
                      "operationMetadataId": "a085333b-69d1-432e-96d5-f8176ce42a2c"
                    },
                    "type": "Terminate",
                    "inputs": {
                      "runStatus": "Failed",
                      "runError": {
                        "code": "@{body('Run_a_Child_Flow:_Error_Handler')?['StatusCode']}",
                        "message": "@{body('Run_a_Child_Flow:_Error_Handler')?['ErrorMessage']}"
                      }
                    }
                  },
                  "Run_a_Child_Flow:_Send_Notification": {
                    "runAfter": {},
                    "metadata": {
                      "operationMetadataId": "10f95d1a-f232-4f42-8509-1097ffc2d688"
                    },
                    "type": "Workflow",
                    "inputs": {
                      "host": {
                        "workflowReferenceName": "2b78a82d-754a-f011-8779-6045bde007d5"
                      },
                      "body": {
                        "MessageType": "Teams",
                        "ErrorObject": "@body('Run_a_Child_Flow:_Error_Handler')"
                      }
                    }
                  }
                }
              },
              "expression": {
                "equals": [
                  "@actions('Try')['status']",
                  "Succeeded"
                ]
              },
              "metadata": {
                "operationMetadataId": "8f622ecd-1940-4b11-97ac-3d92e4ec36c8"
              },
              "type": "If"
            }
          },
          "runAfter": {
            "Catch": [
              "Succeeded",
              "Failed",
              "TimedOut",
              "Skipped"
            ]
          },
          "metadata": {
            "operationMetadataId": "02438b6e-9114-446a-bf50-0c252aab6be7"
          },
          "type": "Scope"
        }
      }
    },
    "templateName": ""
  },
  "schemaVersion": "1.0.0.0"
}